{"cameraMode":{"drawMode":0,"name":"Shaded","section":"Shading Mode"},"sceneLighting":true,"audioPlay":false,"sceneViewState":{"showFog":true,"showMaterialUpdate":false,"showSkybox":true,"showFlares":true,"showImageEffects":true,"showParticleSystems":true},"in2DMode":false,"pivot":{"x":-0.8110818862915039,"y":-0.031514644622802737,"z":9.13961124420166},"rotation":{"x":0.1494196057319641,"y":-0.3952541947364807,"z":0.06533156335353852,"w":0.9039806127548218},"size":9.874082565307618,"orthographic":false}